FID,STATEFP10,COUNTYFP10,TRACTCE10,GEOID10,NAME10,NAMELSAD10,MTFCC10,FUNCSTAT10,ALAND10,AWATER10,INTPTLAT10,INTPTLON10
0,53,033,022006,53033022006,220.06,Census Tract 220.06,G5020,S,1408907,0,+47.7043393,-122.1992667
1,53,033,032320,53033032320,323.20,Census Tract 323.20,G5020,S,9554873,38494,+47.7564769,-122.1244452
2,53,033,031703,53033031703,317.03,Census Tract 317.03,G5020,S,7139218,643846,+47.3716888,-122.1484314
3,53,033,031206,53033031206,312.06,Census Tract 312.06,G5020,S,3668962,60430,+47.3135621,-122.1835380
4,53,033,032102,53033032102,321.02,Census Tract 321.02,G5020,S,79040166,84391,+47.4851508,-121.9657840
5,53,033,032210,53033032210,322.10,Census Tract 322.10,G5020,S,41801336,17075,+47.5512023,-121.9640526
6,53,033,032211,53033032211,322.11,Census Tract 322.11,G5020,S,2975633,0,+47.5798198,-122.0193627
7,53,033,032104,53033032104,321.04,Census Tract 321.04,G5020,S,22481612,0,+47.5051267,-122.0531593
8,53,033,032313,53033032313,323.13,Census Tract 323.13,G5020,S,13092990,436039,+47.6705089,-122.0890118
9,53,033,032203,53033032203,322.03,Census Tract 322.03,G5020,S,10073205,3779419,+47.5954699,-122.0694173
10,53,033,032703,53033032703,327.03,Census Tract 327.03,G5020,S,10319396,175463,+47.5143769,-121.8178721
11,53,033,032704,53033032704,327.04,Census Tract 327.04,G5020,S,17160818,447183,+47.4939904,-121.7716730
12,53,033,027300,53033027300,273,Census Tract 273,G5020,S,3552158,5405,+47.4780597,-122.2993280
13,53,033,027200,53033027200,272,Census Tract 272,G5020,S,3321974,85339,+47.4867948,-122.2813197
14,53,033,027100,53033027100,271,Census Tract 271,G5020,S,1567464,0,+47.4920386,-122.2998447
15,53,033,027000,53033027000,270,Census Tract 270,G5020,S,1978526,12524,+47.4976819,-122.3219067
16,53,033,026802,53033026802,268.02,Census Tract 268.02,G5020,S,2035727,18135,+47.4983057,-122.3429643
17,53,033,026801,53033026801,268.01,Census Tract 268.01,G5020,S,1538512,5897,+47.5076338,-122.3433587
18,53,033,026700,53033026700,267,Census Tract 267,G5020,S,3084839,419292,+47.4962788,-122.3638054
19,53,033,026600,53033026600,266,Census Tract 266,G5020,S,1160397,0,+47.5128460,-122.3632681
20,53,033,000800,53033000800,8,Census Tract 8,G5020,S,1141587,0,+47.7112492,-122.2860821
21,53,033,000700,53033000700,7,Census Tract 7,G5020,S,1294675,0,+47.7156893,-122.3018632
22,53,033,000600,53033000600,6,Census Tract 6,G5020,S,3783740,54223,+47.7180013,-122.3322129
23,53,033,000500,53033000500,5,Census Tract 5,G5020,S,2882910,932456,+47.7224094,-122.3710555
24,53,033,000402,53033000402,4.02,Census Tract 4.02,G5020,S,1798936,0,+47.7168585,-122.3523664
25,53,033,000401,53033000401,4.01,Census Tract 4.01,G5020,S,1281899,81874,+47.7288710,-122.3509939
26,53,033,000300,53033000300,3,Census Tract 3,G5020,S,1210516,0,+47.7305246,-122.3329227
27,53,033,000200,53033000200,2,Census Tract 2,G5020,S,3286319,0,+47.7266401,-122.3099961
28,53,033,000100,53033000100,1,Census Tract 1,G5020,S,1910585,1486352,+47.7238068,-122.2819279
29,53,033,990100,53033990100,9901,Census Tract 9901,G5020,S,0,239607794,+47.5106478,-122.4154213
30,53,033,032500,53033032500,325,Census Tract 325,G5020,S,213917141,3892704,+47.7019699,-121.8306143
31,53,033,031907,53033031907,319.07,Census Tract 319.07,G5020,S,5537497,0,+47.4533052,-122.1305064
32,53,033,031800,53033031800,318,Census Tract 318,G5020,S,24842882,3331034,+47.4085329,-122.1178196
33,53,033,032002,53033032002,320.02,Census Tract 320.02,G5020,S,27571053,210070,+47.4347894,-122.0315839
34,53,033,032003,53033032003,320.03,Census Tract 320.03,G5020,S,122163698,304929,+47.4405378,-121.9250546
35,53,033,031704,53033031704,317.04,Census Tract 317.04,G5020,S,5745119,12142,+47.3485371,-122.1448222
36,53,033,032005,53033032005,320.05,Census Tract 320.05,G5020,S,6298146,123257,+47.3704870,-122.0854653
37,53,033,032006,53033032006,320.06,Census Tract 320.06,G5020,S,7610917,126568,+47.3499202,-122.0803474
38,53,033,032207,53033032207,322.07,Census Tract 322.07,G5020,S,4572913,1055367,+47.5819653,-122.0606739
39,53,033,021803,53033021803,218.03,Census Tract 218.03,G5020,S,3280334,0,+47.7644157,-122.2144243
40,53,033,032602,53033032602,326.02,Census Tract 326.02,G5020,S,30181212,645284,+47.5354747,-121.8783150
41,53,033,032702,53033032702,327.02,Census Tract 327.02,G5020,S,510945718,12517232,+47.4631730,-121.4975361
42,53,033,032800,53033032800,328,Census Tract 328,G5020,S,1390296741,27317733,+47.6526481,-121.4312963
43,53,033,026500,53033026500,265,Census Tract 265,G5020,S,1993802,1625,+47.5145478,-122.3380052
44,53,033,026400,53033026400,264,Census Tract 264,G5020,S,4780011,299442,+47.5091310,-122.3111776
45,53,033,026300,53033026300,263,Census Tract 263,G5020,S,4827827,388852,+47.5089631,-122.2889871
46,53,033,026200,53033026200,262,Census Tract 262,G5020,S,15241096,526900,+47.4591441,-122.2435898
47,53,033,026100,53033026100,261,Census Tract 261,G5020,S,4302988,9859,+47.4910723,-122.2500978
48,53,033,026001,53033026001,260.01,Census Tract 260.01,G5020,S,2747927,0,+47.4990270,-122.2362315
49,53,033,021500,53033021500,215,Census Tract 215,G5020,S,3485702,412518,+47.7643848,-122.2737863
50,53,033,021400,53033021400,214,Census Tract 214,G5020,S,3154037,242662,+47.7507662,-122.2924491
51,53,033,021300,53033021300,213,Census Tract 213,G5020,S,1811833,1189300,+47.7402939,-122.2869560
52,53,033,001702,53033001702,17.02,Census Tract 17.02,G5020,S,1280222,0,+47.6965212,-122.3639488
53,53,033,004302,53033004302,43.02,Census Tract 43.02,G5020,S,330714,0,+47.6647406,-122.3035950
54,53,033,004301,53033004301,43.01,Census Tract 43.01,G5020,S,979359,0,+47.6694017,-122.3002220
55,53,033,007402,53033007402,74.02,Census Tract 74.02,G5020,S,249282,0,+47.6187608,-122.3244188
56,53,033,010002,53033010002,100.02,Census Tract 100.02,G5020,S,948258,0,+47.5765790,-122.3095727
57,53,033,010001,53033010001,100.01,Census Tract 100.01,G5020,S,2253835,60359,+47.5673069,-122.3043618
58,53,033,011002,53033011002,110.02,Census Tract 110.02,G5020,S,1676105,0,+47.5404140,-122.2989097
59,53,033,010402,53033010402,104.02,Census Tract 104.02,G5020,S,1798894,0,+47.5537876,-122.3102256
60,53,033,010702,53033010702,107.02,Census Tract 107.02,G5020,S,784716,0,+47.5468041,-122.3730302
61,53,033,011402,53033011402,114.02,Census Tract 114.02,G5020,S,1186185,0,+47.5206654,-122.3646254
62,53,033,022605,53033022605,226.05,Census Tract 226.05,G5020,S,4727320,0,+47.6914671,-122.1557444
63,53,033,022902,53033022902,229.02,Census Tract 229.02,G5020,S,3427199,1688812,+47.6403935,-122.1022780
64,53,033,024602,53033024602,246.02,Census Tract 246.02,G5020,S,2868432,2569219,+47.5326968,-122.2319773
65,53,033,025803,53033025803,258.03,Census Tract 258.03,G5020,S,1343482,0,+47.4503896,-122.1784570
66,53,033,031601,53033031601,316.01,Census Tract 316.01,G5020,S,14669801,418507,+47.3312130,-122.0859477
67,53,033,031603,53033031603,316.03,Census Tract 316.03,G5020,S,56004069,1525160,+47.3236418,-121.9918500
68,53,033,032103,53033032103,321.03,Census Tract 321.03,G5020,S,4051480,0,+47.5390618,-122.0487975
69,53,033,025001,53033025001,250.01,Census Tract 250.01,G5020,S,3531217,28798,+47.5380627,-122.1693928
70,53,033,032401,53033032401,324.01,Census Tract 324.01,G5020,S,55949550,1058812,+47.7463098,-121.9478877
71,53,033,032402,53033032402,324.02,Census Tract 324.02,G5020,S,25135349,635969,+47.7044428,-121.9517972
72,53,033,031501,53033031501,315.01,Census Tract 315.01,G5020,S,161442521,1999864,+47.3188879,-121.8784572
73,53,033,021100,53033021100,211,Census Tract 211,G5020,S,2619718,0,+47.7412054,-122.3128854
74,53,033,021000,53033021000,210,Census Tract 210,G5020,S,2618870,5753,+47.7396007,-122.3357847
75,53,033,020900,53033020900,209,Census Tract 209,G5020,S,4775453,645484,+47.7432786,-122.3639033
76,53,033,020800,53033020800,208,Census Tract 208,G5020,S,3160164,644499,+47.7569770,-122.3716178
77,53,033,020700,53033020700,207,Census Tract 207,G5020,S,1711193,0,+47.7561636,-122.3473227
78,53,033,020600,53033020600,206,Census Tract 206,G5020,S,1974729,0,+47.7560214,-122.3321002
79,53,033,020500,53033020500,205,Census Tract 205,G5020,S,2722044,0,+47.7562524,-122.3138057
80,53,033,011401,53033011401,114.01,Census Tract 114.01,G5020,S,1233153,0,+47.5297060,-122.3620280
81,53,033,025302,53033025302,253.02,Census Tract 253.02,G5020,S,3972686,2424838,+47.4920143,-122.2153507
82,53,033,025806,53033025806,258.06,Census Tract 258.06,G5020,S,2934558,150285,+47.4550034,-122.2107374
83,53,033,027701,53033027701,277.01,Census Tract 277.01,G5020,S,44151776,9781558,+47.4509608,-122.4764915
84,53,033,032326,53033032326,323.26,Census Tract 323.26,G5020,S,10460418,0,+47.7007610,-122.0785848
85,53,033,032327,53033032327,323.27,Census Tract 323.27,G5020,S,16127862,106609,+47.7100617,-122.0434083
86,53,033,023404,53033023404,234.04,Census Tract 234.04,G5020,S,1793702,1870257,+47.5669930,-122.0852255
87,53,033,023403,53033023403,234.03,Census Tract 234.03,G5020,S,3308890,1972210,+47.5817847,-122.1151458
88,53,033,023804,53033023804,238.04,Census Tract 238.04,G5020,S,1220954,0,+47.6132805,-122.1984660
89,53,033,023201,53033023201,232.01,Census Tract 232.01,G5020,S,1589789,0,+47.6186062,-122.1375409
90,53,033,023900,53033023900,239,Census Tract 239,G5020,S,4649863,4222583,+47.5830719,-122.2002301
91,53,033,032322,53033032322,323.22,Census Tract 323.22,G5020,S,4625052,0,+47.7260040,-122.0978452
92,53,033,032321,53033032321,323.21,Census Tract 323.21,G5020,S,12670960,0,+47.7179214,-122.1263246
93,53,033,021804,53033021804,218.04,Census Tract 218.04,G5020,S,3067767,0,+47.7657027,-122.1963736
94,53,033,022101,53033022101,221.01,Census Tract 221.01,G5020,S,3662797,1581554,+47.7417973,-122.2556683
95,53,033,025003,53033025003,250.03,Census Tract 250.03,G5020,S,6352436,0,+47.5567201,-122.1081035
96,53,033,022701,53033022701,227.01,Census Tract 227.01,G5020,S,1658813,463268,+47.6536174,-122.2060589
97,53,033,032008,53033032008,320.08,Census Tract 320.08,G5020,S,2292594,159030,+47.3669213,-122.0495778
98,53,033,032208,53033032208,322.08,Census Tract 322.08,G5020,S,11018171,1305361,+47.5604078,-122.0460114
99,53,033,020402,53033020402,204.02,Census Tract 204.02,G5020,S,2786012,0,+47.7695100,-122.2970269
100,53,033,020401,53033020401,204.01,Census Tract 204.01,G5020,S,2313206,0,+47.7708169,-122.3195413
101,53,033,020300,53033020300,203,Census Tract 203,G5020,S,2566042,36451,+47.7689986,-122.3417532
102,53,033,020200,53033020200,202,Census Tract 202,G5020,S,2592032,0,+47.7716683,-122.3633594
103,53,033,020100,53033020100,201,Census Tract 201,G5020,S,1772600,684792,+47.7707111,-122.3873610
104,53,033,012100,53033012100,121,Census Tract 121,G5020,S,1721295,1399504,+47.5075950,-122.3873799
105,53,033,023803,53033023803,238.03,Census Tract 238.03,G5020,S,563963,0,+47.6192542,-122.1978584
106,53,033,025006,53033025006,250.06,Census Tract 250.06,G5020,S,22393618,0,+47.5269219,-122.0986860
107,53,033,025005,53033025005,250.05,Census Tract 250.05,G5020,S,7684826,0,+47.5306823,-122.1466867
108,53,033,025602,53033025602,256.02,Census Tract 256.02,G5020,S,5204940,0,+47.4777132,-122.1488815
109,53,033,029206,53033029206,292.06,Census Tract 292.06,G5020,S,17212475,214543,+47.4144378,-122.2433601
110,53,033,029102,53033029102,291.02,Census Tract 291.02,G5020,S,2582809,0,+47.3799253,-122.2841053
111,53,033,029101,53033029101,291.01,Census Tract 291.01,G5020,S,3352098,167811,+47.3975237,-122.2794706
112,53,033,030006,53033030006,300.06,Census Tract 300.06,G5020,S,1984562,163997,+47.3240408,-122.3041391
113,53,033,030314,53033030314,303.14,Census Tract 303.14,G5020,S,2503919,0,+47.3080955,-122.3236866
114,53,033,030313,53033030313,303.13,Census Tract 303.13,G5020,S,4002289,0,+47.3002419,-122.3139509
115,53,033,031605,53033031605,316.05,Census Tract 316.05,G5020,S,15390877,1564307,+47.3204617,-122.0465501
116,53,033,024100,53033024100,241,Census Tract 241,G5020,S,4432887,1658184,+47.6426931,-122.2202683
117,53,033,022703,53033022703,227.03,Census Tract 227.03,G5020,S,4207715,0,+47.6572912,-122.1758426
118,53,033,024200,53033024200,242,Census Tract 242,G5020,S,3706733,11129640,+47.6330584,-122.2404977
119,53,033,022203,53033022203,222.03,Census Tract 222.03,G5020,S,3205513,619554,+47.7066987,-122.2253274
120,53,033,024800,53033024800,248,Census Tract 248,G5020,S,3775702,0,+47.5743916,-122.1521009
121,53,033,024902,53033024902,249.02,Census Tract 249.02,G5020,S,2029984,0,+47.5653697,-122.1337183
122,53,033,024903,53033024903,249.03,Census Tract 249.03,G5020,S,4963596,0,+47.5508498,-122.1412595
123,53,033,025102,53033025102,251.02,Census Tract 251.02,G5020,S,6232169,0,+47.4980982,-122.1407250
124,53,033,031903,53033031903,319.03,Census Tract 319.03,G5020,S,11736814,0,+47.4821782,-122.1108710
125,53,033,031904,53033031904,319.04,Census Tract 319.04,G5020,S,18942604,168049,+47.4653650,-122.0628374
126,53,033,031906,53033031906,319.06,Census Tract 319.06,G5020,S,10822092,521709,+47.4362336,-122.0943157
127,53,033,031301,53033031301,313.01,Census Tract 313.01,G5020,S,33118748,224283,+47.2046996,-122.0589541
128,53,033,031100,53033031100,311,Census Tract 311,G5020,S,7323964,116159,+47.2909187,-122.1895001
129,53,033,031000,53033031000,310,Census Tract 310,G5020,S,12595437,162785,+47.2689535,-122.1862464
130,53,033,030902,53033030902,309.02,Census Tract 309.02,G5020,S,3926189,28185,+47.2657557,-122.2444934
131,53,033,030901,53033030901,309.01,Census Tract 309.01,G5020,S,3121503,0,+47.2807120,-122.2531115
132,53,033,030802,53033030802,308.02,Census Tract 308.02,G5020,S,1372874,0,+47.2860456,-122.2137235
133,53,033,030801,53033030801,308.01,Census Tract 308.01,G5020,S,6975768,33797,+47.2873666,-122.2352954
134,53,033,012000,53033012000,120,Census Tract 120,G5020,S,1447511,0,+47.5129291,-122.3806808
135,53,033,011900,53033011900,119,Census Tract 119,G5020,S,3175666,1320016,+47.5089452,-122.2517818
136,53,033,010900,53033010900,109,Census Tract 109,G5020,S,4789752,272921,+47.5425052,-122.3199752
137,53,033,010800,53033010800,108,Census Tract 108,G5020,S,4093693,330621,+47.5440342,-122.3498743
138,53,033,010600,53033010600,106,Census Tract 106,G5020,S,2594296,817141,+47.5476485,-122.3918719
139,53,033,010500,53033010500,105,Census Tract 105,G5020,S,1717929,0,+47.5574406,-122.3855495
140,53,033,010300,53033010300,103,Census Tract 103,G5020,S,1660245,0,+47.5541363,-122.2826390
141,53,033,031604,53033031604,316.04,Census Tract 316.04,G5020,S,4154795,3229,+47.3543883,-122.0322942
142,53,033,032011,53033032011,320.11,Census Tract 320.11,G5020,S,3363748,282990,+47.3691715,-122.0327857
143,53,033,031706,53033031706,317.06,Census Tract 317.06,G5020,S,4169865,7815,+47.3636938,-122.1170035
144,53,033,032215,53033032215,322.15,Census Tract 322.15,G5020,S,16008606,10175,+47.6062193,-121.9865085
145,53,033,032329,53033032329,323.29,Census Tract 323.29,G5020,S,9669295,0,+47.6836608,-122.0297140
146,53,033,032328,53033032328,323.28,Census Tract 323.28,G5020,S,8504402,0,+47.6641636,-122.0461287
147,53,033,001701,53033001701,17.01,Census Tract 17.01,G5020,S,892771,0,+47.6963619,-122.3544843
148,53,033,007401,53033007401,74.01,Census Tract 74.01,G5020,S,259386,0,+47.6229244,-122.3246584
149,53,033,032317,53033032317,323.17,Census Tract 323.17,G5020,S,4393971,0,+47.6276169,-122.0479843
150,53,033,032315,53033032315,323.15,Census Tract 323.15,G5020,S,44496824,1355612,+47.6679952,-121.9798462
151,53,033,032319,53033032319,323.19,Census Tract 323.19,G5020,S,6814532,0,+47.7595596,-122.1476582
152,53,033,021906,53033021906,219.06,Census Tract 219.06,G5020,S,3816083,4544,+47.7423026,-122.1694451
153,53,033,021905,53033021905,219.05,Census Tract 219.05,G5020,S,2683360,0,+47.7431697,-122.1814242
154,53,033,032307,53033032307,323.07,Census Tract 323.07,G5020,S,11666709,234337,+47.7580051,-122.0907595
155,53,033,032311,53033032311,323.11,Census Tract 323.11,G5020,S,23482239,92771,+47.7515039,-122.0387481
156,53,033,032324,53033032324,323.24,Census Tract 323.24,G5020,S,2048401,0,+47.6855259,-122.1199830
157,53,033,022801,53033022801,228.01,Census Tract 228.01,G5020,S,4865268,0,+47.6464310,-122.1532208
158,53,033,030700,53033030700,307,Census Tract 307,G5020,S,1563564,0,+47.2971636,-122.2215689
159,53,033,030600,53033030600,306,Census Tract 306,G5020,S,3359294,69662,+47.3069144,-122.2074969
160,53,033,030504,53033030504,305.04,Census Tract 305.04,G5020,S,1524229,42763,+47.3211155,-122.2135048
161,53,033,030503,53033030503,305.03,Census Tract 305.03,G5020,S,3258095,67676,+47.3425849,-122.2130556
162,53,033,030501,53033030501,305.01,Census Tract 305.01,G5020,S,11215570,175434,+47.3272298,-122.2353245
163,53,033,030404,53033030404,304.04,Census Tract 304.04,G5020,S,5989875,215746,+47.2674240,-122.2759315
164,53,033,010200,53033010200,102,Census Tract 102,G5020,S,2781085,1399183,+47.5540013,-122.2608175
165,53,033,010100,53033010100,101,Census Tract 101,G5020,S,2509594,1534926,+47.5670447,-122.2751446
166,53,033,009900,53033009900,99,Census Tract 99,G5020,S,6566273,2286606,+47.5789585,-122.3638568
167,53,033,009800,53033009800,98,Census Tract 98,G5020,S,1930639,0,+47.5719546,-122.3830940
168,53,033,009702,53033009702,97.02,Census Tract 97.02,G5020,S,2219066,0,+47.5719270,-122.3960103
169,53,033,009701,53033009701,97.01,Census Tract 97.01,G5020,S,1857984,1610494,+47.5731929,-122.4101745
170,53,033,009600,53033009600,96,Census Tract 96,G5020,S,1936670,1354203,+47.5899898,-122.3882351
171,53,033,010401,53033010401,104.01,Census Tract 104.01,G5020,S,1616864,0,+47.5532039,-122.2956376
172,53,033,010701,53033010701,107.01,Census Tract 107.01,G5020,S,1452792,3664,+47.5450729,-122.3675013
173,53,033,011001,53033011001,110.01,Census Tract 110.01,G5020,S,1070772,0,+47.5383594,-122.2862045
174,53,033,025301,53033025301,253.01,Census Tract 253.01,G5020,S,3821608,2029946,+47.5102693,-122.2031668
175,53,033,025601,53033025601,256.01,Census Tract 256.01,G5020,S,2894103,0,+47.4827528,-122.1748691
176,53,033,025805,53033025805,258.05,Census Tract 258.05,G5020,S,2392257,35493,+47.4548196,-122.1939161
177,53,033,022803,53033022803,228.03,Census Tract 228.03,G5020,S,4772689,0,+47.6439331,-122.1312723
178,53,033,023202,53033023202,232.02,Census Tract 232.02,G5020,S,1470662,0,+47.6179632,-122.1270727
179,53,033,031205,53033031205,312.05,Census Tract 312.05,G5020,S,5853259,41398,+47.3280223,-122.1778550
180,53,033,031502,53033031502,315.02,Census Tract 315.02,G5020,S,1026438098,8763580,+47.2405383,-121.6336958
181,53,033,022005,53033022005,220.05,Census Tract 220.05,G5020,S,2420124,0,+47.7116198,-122.1939066
182,53,033,021802,53033021802,218.02,Census Tract 218.02,G5020,S,4904123,0,+47.7673777,-122.1727400
183,53,033,021904,53033021904,219.04,Census Tract 219.04,G5020,S,3404550,0,+47.7229333,-122.1616154
184,53,033,030403,53033030403,304.03,Census Tract 304.03,G5020,S,3853306,6562,+47.2677479,-122.3092300
185,53,033,030401,53033030401,304.01,Census Tract 304.01,G5020,S,12138960,348070,+47.2944923,-122.2855895
186,53,033,030312,53033030312,303.12,Census Tract 303.12,G5020,S,1855241,0,+47.2932144,-122.3682146
187,53,033,030311,53033030311,303.11,Census Tract 303.11,G5020,S,1900453,3993,+47.3078811,-122.3685730
188,53,033,030310,53033030310,303.10,Census Tract 303.10,G5020,S,3205491,0,+47.2901057,-122.3495936
189,53,033,009500,53033009500,95,Census Tract 95,G5020,S,2596039,2909196,+47.5783426,-122.2831943
190,53,033,009400,53033009400,94,Census Tract 94,G5020,S,1723077,0,+47.5881924,-122.3098671
191,53,033,009300,53033009300,93,Census Tract 93,G5020,S,9429062,719984,+47.5776855,-122.3309417
192,53,033,009200,53033009200,92,Census Tract 92,G5020,S,330171,154864,+47.6004657,-122.3348315
193,53,033,009100,53033009100,91,Census Tract 91,G5020,S,418836,0,+47.5984232,-122.3217544
194,53,033,009000,53033009000,90,Census Tract 90,G5020,S,820730,0,+47.5982642,-122.3090976
195,53,033,008900,53033008900,89,Census Tract 89,G5020,S,1280326,1636171,+47.6010391,-122.2850405
196,53,033,008800,53033008800,88,Census Tract 88,G5020,S,948580,0,+47.6073299,-122.2976324
197,53,033,029205,53033029205,292.05,Census Tract 292.05,G5020,S,1868727,40406,+47.3878189,-122.2633930
198,53,033,030005,53033030005,300.05,Census Tract 300.05,G5020,S,2174223,0,+47.3365301,-122.3027673
199,53,033,031705,53033031705,317.05,Census Tract 317.05,G5020,S,5049452,4701,+47.3829339,-122.1150241
200,53,033,032010,53033032010,320.10,Census Tract 320.10,G5020,S,4820859,0,+47.3780192,-122.0232476
201,53,033,032213,53033032213,322.13,Census Tract 322.13,G5020,S,4137355,286842,+47.5868050,-121.9887226
202,53,033,032214,53033032214,322.14,Census Tract 322.14,G5020,S,6683464,44579,+47.6028805,-122.0215000
203,53,033,022300,53033022300,223,Census Tract 223,G5020,S,5180190,3747695,+47.7138649,-122.2487460
204,53,033,022400,53033022400,224,Census Tract 224,G5020,S,4644860,3758058,+47.6859329,-122.2113268
205,53,033,022901,53033022901,229.01,Census Tract 229.01,G5020,S,1484063,0,+47.6366077,-122.1183943
206,53,033,022606,53033022606,226.06,Census Tract 226.06,G5020,S,2757465,27137,+47.6689188,-122.1547915
207,53,033,022702,53033022702,227.02,Census Tract 227.02,G5020,S,2450337,0,+47.6568197,-122.1942746
208,53,033,023000,53033023000,230,Census Tract 230,G5020,S,3286160,2508903,+47.6205810,-122.1031787
209,53,033,030309,53033030309,303.09,Census Tract 303.09,G5020,S,2194426,27034,+47.3032998,-122.3374114
210,53,033,030308,53033030308,303.08,Census Tract 303.08,G5020,S,2154064,0,+47.3083168,-122.3520249
211,53,033,030306,53033030306,303.06,Census Tract 303.06,G5020,S,3764962,542278,+47.3130416,-122.3996447
212,53,033,030305,53033030305,303.05,Census Tract 303.05,G5020,S,3783120,1035821,+47.3189756,-122.3888214
213,53,033,008700,53033008700,87,Census Tract 87,G5020,S,732388,0,+47.6059236,-122.3077910
214,53,033,011800,53033011800,118,Census Tract 118,G5020,S,2301120,2269206,+47.5154414,-122.2532080
215,53,033,011700,53033011700,117,Census Tract 117,G5020,S,3506091,0,+47.5201716,-122.2828507
216,53,033,011600,53033011600,116,Census Tract 116,G5020,S,3109902,971211,+47.5282704,-122.3897768
217,53,033,011500,53033011500,115,Census Tract 115,G5020,S,1538373,0,+47.5301833,-122.3755330
218,53,033,011300,53033011300,113,Census Tract 113,G5020,S,3157555,42220,+47.5273690,-122.3448435
219,53,033,011200,53033011200,112,Census Tract 112,G5020,S,2766126,227061,+47.5285208,-122.3248817
220,53,033,011102,53033011102,111.02,Census Tract 111.02,G5020,S,1297471,1636998,+47.5379284,-122.2633605
221,53,033,032212,53033032212,322.12,Census Tract 322.12,G5020,S,3372134,42596,+47.5709700,-122.0083907
222,53,033,023100,53033023100,231,Census Tract 231,G5020,S,2531810,2665265,+47.6067132,-122.1114759
223,53,033,023603,53033023603,236.03,Census Tract 236.03,G5020,S,2028190,0,+47.6173977,-122.1508058
224,53,033,023300,53033023300,233,Census Tract 233,G5020,S,3589676,248744,+47.6003452,-122.1289619
225,53,033,023401,53033023401,234.01,Census Tract 234.01,G5020,S,3740203,0,+47.5867489,-122.1467322
226,53,033,023500,53033023500,235,Census Tract 235,G5020,S,2273132,0,+47.5913824,-122.1728599
227,53,033,030304,53033030304,303.04,Census Tract 303.04,G5020,S,7344801,14259,+47.2732632,-122.3318560
228,53,033,030202,53033030202,302.02,Census Tract 302.02,G5020,S,3272013,0,+47.3243897,-122.3231288
229,53,033,030201,53033030201,302.01,Census Tract 302.01,G5020,S,2818919,52615,+47.3206275,-122.3485442
230,53,033,030100,53033030100,301,Census Tract 301,G5020,S,5851590,1972452,+47.3361138,-122.3469054
231,53,033,030004,53033030004,300.04,Census Tract 300.04,G5020,S,2038151,0,+47.3501042,-122.3033872
232,53,033,030003,53033030003,300.03,Census Tract 300.03,G5020,S,4737504,846303,+47.3588458,-122.3152313
233,53,033,011101,53033011101,111.01,Census Tract 111.01,G5020,S,1150364,0,+47.5394840,-122.2773724
234,53,033,008600,53033008600,86,Census Tract 86,G5020,S,711360,0,+47.6071015,-122.3166893
235,53,033,008500,53033008500,85,Census Tract 85,G5020,S,474211,0,+47.6051125,-122.3249464
236,53,033,008400,53033008400,84,Census Tract 84,G5020,S,382615,0,+47.6134675,-122.3239419
237,53,033,008300,53033008300,83,Census Tract 83,G5020,S,237446,0,+47.6118178,-122.3280041
238,53,033,008200,53033008200,82,Census Tract 82,G5020,S,366705,0,+47.6103728,-122.3319410
239,53,033,008100,53033008100,81,Census Tract 81,G5020,S,827795,368877,+47.6058741,-122.3393423
240,53,033,008002,53033008002,80.02,Census Tract 80.02,G5020,S,229060,0,+47.6120871,-122.3452591
241,53,033,008001,53033008001,80.01,Census Tract 80.01,G5020,S,493763,546001,+47.6150718,-122.3555298
242,53,033,007900,53033007900,79,Census Tract 79,G5020,S,698478,0,+47.6143865,-122.3076722
243,53,033,007800,53033007800,78,Census Tract 78,G5020,S,2114574,3212025,+47.6141558,-122.2810958
244,53,033,007700,53033007700,77,Census Tract 77,G5020,S,1058325,0,+47.6191203,-122.2973516
245,53,033,023601,53033023601,236.01,Census Tract 236.01,G5020,S,4602566,0,+47.6104586,-122.1719138
246,53,033,024601,53033024601,246.01,Census Tract 246.01,G5020,S,4016906,2661746,+47.5484565,-122.2237306
247,53,033,023604,53033023604,236.04,Census Tract 236.04,G5020,S,2940216,0,+47.5993896,-122.1539499
248,53,033,023700,53033023700,237,Census Tract 237,G5020,S,7530638,18305,+47.6327201,-122.1733574
249,53,033,029902,53033029902,299.02,Census Tract 299.02,G5020,S,6290862,10821,+47.3241338,-122.2580667
250,53,033,029901,53033029901,299.01,Census Tract 299.01,G5020,S,3958496,107134,+47.3240587,-122.2823360
251,53,033,029802,53033029802,298.02,Census Tract 298.02,G5020,S,6856382,174573,+47.3445746,-122.2747262
252,53,033,029801,53033029801,298.01,Census Tract 298.01,G5020,S,7901412,164205,+47.3609177,-122.2683819
253,53,033,029700,53033029700,297,Census Tract 297,G5020,S,11047288,222690,+47.3646803,-122.2258729
254,53,033,029602,53033029602,296.02,Census Tract 296.02,G5020,S,6659409,50035,+47.3383864,-122.1880544
255,53,033,029601,53033029601,296.01,Census Tract 296.01,G5020,S,3950607,70584,+47.3561518,-122.1841491
256,53,033,029504,53033029504,295.04,Census Tract 295.04,G5020,S,1883400,0,+47.3797202,-122.1945497
257,53,033,007600,53033007600,76,Census Tract 76,G5020,S,571878,0,+47.6218678,-122.3075858
258,53,033,007500,53033007500,75,Census Tract 75,G5020,S,801744,0,+47.6183901,-122.3168861
259,53,033,007300,53033007300,73,Census Tract 73,G5020,S,926047,0,+47.6199883,-122.3335164
260,53,033,007200,53033007200,72,Census Tract 72,G5020,S,1010266,0,+47.6194539,-122.3431175
261,53,033,007100,53033007100,71,Census Tract 71,G5020,S,862095,0,+47.6224443,-122.3574017
262,53,033,007000,53033007000,70,Census Tract 70,G5020,S,805962,0,+47.6282328,-122.3568062
263,53,033,006900,53033006900,69,Census Tract 69,G5020,S,902889,0,+47.6343628,-122.3669714
264,53,033,006800,53033006800,68,Census Tract 68,G5020,S,718106,0,+47.6360306,-122.3564653
265,53,033,006700,53033006700,67,Census Tract 67,G5020,S,1278220,102394,+47.6318633,-122.3442667
266,53,033,006600,53033006600,66,Census Tract 66,G5020,S,1113996,826398,+47.6296259,-122.3310053
267,53,033,006500,53033006500,65,Census Tract 65,G5020,S,1147621,0,+47.6309633,-122.3177579
268,53,033,023801,53033023801,238.01,Census Tract 238.01,G5020,S,3723442,0,+47.5957098,-122.1886970
269,53,033,024000,53033024000,240,Census Tract 240,G5020,S,4669788,239079,+47.6273756,-122.2042081
270,53,033,024701,53033024701,247.01,Census Tract 247.01,G5020,S,2739207,0,+47.5614775,-122.1808594
271,53,033,024901,53033024901,249.01,Census Tract 249.01,G5020,S,3183749,0,+47.5633033,-122.1575188
272,53,033,024702,53033024702,247.02,Census Tract 247.02,G5020,S,6392898,797574,+47.5396242,-122.1897607
273,53,033,021700,53033021700,217,Census Tract 217,G5020,S,5665993,0,+47.7641311,-122.2351861
274,53,033,022001,53033022001,220.01,Census Tract 220.01,G5020,S,4394633,0,+47.7451437,-122.1989202
275,53,033,029503,53033029503,295.03,Census Tract 295.03,G5020,S,2362193,545,+47.3763084,-122.2063943
276,53,033,029502,53033029502,295.02,Census Tract 295.02,G5020,S,4309765,36477,+47.3741574,-122.1753447
277,53,033,029408,53033029408,294.08,Census Tract 294.08,G5020,S,1238188,0,+47.3946962,-122.1916681
278,53,033,029407,53033029407,294.07,Census Tract 294.07,G5020,S,1360513,0,+47.3942408,-122.2017733
279,53,033,029406,53033029406,294.06,Census Tract 294.06,G5020,S,2616772,92988,+47.3974260,-122.1786798
280,53,033,029405,53033029405,294.05,Census Tract 294.05,G5020,S,2491156,986,+47.4117274,-122.1757403
281,53,033,006400,53033006400,64,Census Tract 64,G5020,S,903649,0,+47.6285398,-122.3048258
282,53,033,006300,53033006300,63,Census Tract 63,G5020,S,2306076,3491020,+47.6350574,-122.2767772
283,53,033,006200,53033006200,62,Census Tract 62,G5020,S,2730880,285632,+47.6391316,-122.3012264
284,53,033,006100,53033006100,61,Census Tract 61,G5020,S,1241431,644264,+47.6448423,-122.3222789
285,53,033,006000,53033006000,60,Census Tract 60,G5020,S,1349233,150279,+47.6436158,-122.3520520
286,53,033,005801,53033005801,58.01,Census Tract 58.01,G5020,S,1779677,301744,+47.6548926,-122.3850376
287,53,033,005700,53033005700,57,Census Tract 57,G5020,S,5107335,2295838,+47.6581015,-122.4137704
288,53,033,026002,53033026002,260.02,Census Tract 260.02,G5020,S,2767309,1607,+47.4825107,-122.2239768
289,53,033,025804,53033025804,258.04,Census Tract 258.04,G5020,S,2358347,0,+47.4547647,-122.1691692
290,53,033,031909,53033031909,319.09,Census Tract 319.09,G5020,S,1916060,0,+47.4378388,-122.1434772
291,53,033,031908,53033031908,319.08,Census Tract 319.08,G5020,S,1827096,0,+47.4471071,-122.1427639
292,53,033,022102,53033022102,221.02,Census Tract 221.02,G5020,S,4646226,0,+47.7424060,-122.2259045
293,53,033,022500,53033022500,225,Census Tract 225,G5020,S,3774561,188853,+47.6799808,-122.1926045
294,53,033,029403,53033029403,294.03,Census Tract 294.03,G5020,S,2407382,385,+47.4094368,-122.2002607
295,53,033,029307,53033029307,293.07,Census Tract 293.07,G5020,S,3808766,61769,+47.4218407,-122.1594823
296,53,033,029306,53033029306,293.06,Census Tract 293.06,G5020,S,2372855,182821,+47.4217238,-122.1835438
297,53,033,028902,53033028902,289.02,Census Tract 289.02,G5020,S,2062176,0,+47.3994087,-122.3017641
298,53,033,028901,53033028901,289.01,Census Tract 289.01,G5020,S,2285605,425573,+47.4026302,-122.3203514
299,53,033,028802,53033028802,288.02,Census Tract 288.02,G5020,S,2415612,415841,+47.4249416,-122.2880021
300,53,033,028801,53033028801,288.01,Census Tract 288.01,G5020,S,5203599,0,+47.4206939,-122.3086060
301,53,033,005600,53033005600,56,Census Tract 56,G5020,S,3032928,1587292,+47.6405468,-122.4071053
302,53,033,005400,53033005400,54,Census Tract 54,G5020,S,1199275,647090,+47.6486281,-122.3381362
303,53,033,005302,53033005302,53.02,Census Tract 53.02,G5020,S,2511567,745303,+47.6540494,-122.3013013
304,53,033,005301,53033005301,53.01,Census Tract 53.01,G5020,S,543485,0,+47.6615050,-122.3131216
305,53,033,005200,53033005200,52,Census Tract 52,G5020,S,964721,85584,+47.6595705,-122.3235185
306,53,033,005100,53033005100,51,Census Tract 51,G5020,S,881711,0,+47.6585183,-122.3322481
307,53,033,005000,53033005000,50,Census Tract 50,G5020,S,757380,0,+47.6608696,-122.3418076
308,53,033,004900,53033004900,49,Census Tract 49,G5020,S,1085823,25325,+47.6571964,-122.3518455
309,53,033,004800,53033004800,48,Census Tract 48,G5020,S,1318565,41555,+47.6608472,-122.3601847
310,53,033,004700,53033004700,47,Census Tract 47,G5020,S,1950914,353088,+47.6660659,-122.3749544
311,53,033,022603,53033022603,226.03,Census Tract 226.03,G5020,S,2896820,12563,+47.6948197,-122.1716302
312,53,033,022604,53033022604,226.04,Census Tract 226.04,G5020,S,2955131,0,+47.6762277,-122.1740019
313,53,033,024300,53033024300,243,Census Tract 243,G5020,S,4071795,9463811,+47.5901123,-122.2458440
314,53,033,024400,53033024400,244,Census Tract 244,G5020,S,1627672,660948,+47.5822829,-122.2178670
315,53,033,024500,53033024500,245,Census Tract 245,G5020,S,3785637,2227321,+47.5664031,-122.2202549
316,53,033,028700,53033028700,287,Census Tract 287,G5020,S,2675325,0,+47.4212394,-122.3278018
317,53,033,028600,53033028600,286,Census Tract 286,G5020,S,6463133,1891466,+47.4329749,-122.3446892
318,53,033,028500,53033028500,285,Census Tract 285,G5020,S,3509824,0,+47.4454085,-122.3248135
319,53,033,028403,53033028403,284.03,Census Tract 284.03,G5020,S,2086535,32665,+47.4388693,-122.2831589
320,53,033,028402,53033028402,284.02,Census Tract 284.02,G5020,S,8324279,0,+47.4501488,-122.3030373
321,53,033,028300,53033028300,283,Census Tract 283,G5020,S,8206439,153403,+47.4309168,-122.2693876
322,53,033,004600,53033004600,46,Census Tract 46,G5020,S,1552357,1033231,+47.6830920,-122.3378674
323,53,033,004500,53033004500,45,Census Tract 45,G5020,S,671000,0,+47.6685824,-122.3229111
324,53,033,004400,53033004400,44,Census Tract 44,G5020,S,989908,0,+47.6703410,-122.3119324
325,53,033,004200,53033004200,42,Census Tract 42,G5020,S,2464009,0,+47.6702043,-122.2841019
326,53,033,004100,53033004100,41,Census Tract 41,G5020,S,3267563,5654701,+47.6678440,-122.2587932
327,53,033,004000,53033004000,40,Census Tract 40,G5020,S,2606984,3881765,+47.6817180,-122.2523680
328,53,033,003900,53033003900,39,Census Tract 39,G5020,S,973807,0,+47.6794117,-122.2823414
329,53,033,003800,53033003800,38,Census Tract 38,G5020,S,624606,0,+47.6794093,-122.2955292
330,53,033,025701,53033025701,257.01,Census Tract 257.01,G5020,S,3780704,0,+47.4716037,-122.1913955
331,53,033,022802,53033022802,228.02,Census Tract 228.02,G5020,S,2657468,0,+47.6633906,-122.1350007
332,53,033,032309,53033032309,323.09,Census Tract 323.09,G5020,S,6163950,0,+47.6856250,-122.1338165
333,53,033,032325,53033032325,323.25,Census Tract 323.25,G5020,S,2212936,0,+47.6864819,-122.1049565
334,53,033,028200,53033028200,282,Census Tract 282,G5020,S,2687326,1028,+47.4656308,-122.2755633
335,53,033,028100,53033028100,281,Census Tract 281,G5020,S,1627778,0,+47.4686896,-122.2991209
336,53,033,028000,53033028000,280,Census Tract 280,G5020,S,2094341,0,+47.4666281,-122.3239219
337,53,033,027900,53033027900,279,Census Tract 279,G5020,S,3358042,153582,+47.4638936,-122.3478454
338,53,033,027800,53033027800,278,Census Tract 278,G5020,S,2577267,1094948,+47.4515094,-122.3679231
339,53,033,027702,53033027702,277.02,Census Tract 277.02,G5020,S,51481975,23439547,+47.3727844,-122.4617896
340,53,033,005900,53033005900,59,Census Tract 59,G5020,S,1806158,173889,+47.6492259,-122.3685688
341,53,033,005802,53033005802,58.02,Census Tract 58.02,G5020,S,3091582,1156787,+47.6353633,-122.3802928
342,53,033,003600,53033003600,36,Census Tract 36,G5020,S,1196463,0,+47.6771912,-122.3242054
343,53,033,003500,53033003500,35,Census Tract 35,G5020,S,1284761,0,+47.6725466,-122.3520881
344,53,033,003400,53033003400,34,Census Tract 34,G5020,S,787147,0,+47.6740646,-122.3617463
345,53,033,003300,53033003300,33,Census Tract 33,G5020,S,1296368,0,+47.6759714,-122.3768125
346,53,033,003200,53033003200,32,Census Tract 32,G5020,S,2475044,1014738,+47.6753292,-122.4022854
347,53,033,003100,53033003100,31,Census Tract 31,G5020,S,2232860,465516,+47.6877574,-122.3964308
348,53,033,025400,53033025400,254,Census Tract 254,G5020,S,2300848,0,+47.4945390,-122.1839089
349,53,033,025500,53033025500,255,Census Tract 255,G5020,S,1524600,0,+47.4970722,-122.1699618
350,53,033,025702,53033025702,257.02,Census Tract 257.02,G5020,S,2852893,0,+47.4638347,-122.1646500
351,53,033,032316,53033032316,323.16,Census Tract 323.16,G5020,S,6225176,2654247,+47.6392221,-122.0712508
352,53,033,032318,53033032318,323.18,Census Tract 323.18,G5020,S,7354258,0,+47.6350729,-122.0320767
353,53,033,031202,53033031202,312.02,Census Tract 312.02,G5020,S,66664775,755179,+47.2529061,-122.0687913
354,53,033,031204,53033031204,312.04,Census Tract 312.04,G5020,S,36871877,608947,+47.3063880,-122.1299110
355,53,033,031302,53033031302,313.02,Census Tract 313.02,G5020,S,10879017,100642,+47.1859757,-122.0118854
356,53,033,032601,53033032601,326.01,Census Tract 326.01,G5020,S,61321771,1099683,+47.5830194,-121.8625236
357,53,033,027600,53033027600,276,Census Tract 276,G5020,S,2846424,1307943,+47.4745719,-122.3595893
358,53,033,029305,53033029305,293.05,Census Tract 293.05,G5020,S,2897239,2248,+47.4219144,-122.2114434
359,53,033,029304,53033029304,293.04,Census Tract 293.04,G5020,S,4132285,30364,+47.4382513,-122.1715428
360,53,033,029303,53033029303,293.03,Census Tract 293.03,G5020,S,3608397,1116,+47.4364727,-122.1998867
361,53,033,029204,53033029204,292.04,Census Tract 292.04,G5020,S,4234266,1687,+47.3955305,-122.2160422
362,53,033,003000,53033003000,30,Census Tract 30,G5020,S,1493249,0,+47.6850958,-122.3740444
363,53,033,002900,53033002900,29,Census Tract 29,G5020,S,986207,0,+47.6850872,-122.3606466
364,53,033,002800,53033002800,28,Census Tract 28,G5020,S,983387,0,+47.6851200,-122.3499256
365,53,033,002700,53033002700,27,Census Tract 27,G5020,S,1593775,0,+47.6868673,-122.3311252
366,53,033,002600,53033002600,26,Census Tract 26,G5020,S,1216657,28175,+47.6822031,-122.3113993
367,53,033,002500,53033002500,25,Census Tract 25,G5020,S,984333,0,+47.6838969,-122.3022793
368,53,033,002400,53033002400,24,Census Tract 24,G5020,S,978103,0,+47.6866812,-122.2878258
369,53,033,002200,53033002200,22,Census Tract 22,G5020,S,2767963,1488647,+47.6922985,-122.2695132
370,53,033,002100,53033002100,21,Census Tract 21,G5020,S,1365467,0,+47.6953673,-122.2980453
371,53,033,002000,53033002000,20,Census Tract 20,G5020,S,1103292,28680,+47.6953310,-122.3108025
372,53,033,031400,53033031400,314,Census Tract 314,G5020,S,6377757,1179,+47.2066360,-121.9889145
373,53,033,032007,53033032007,320.07,Census Tract 320.07,G5020,S,11492547,144662,+47.3907805,-122.0670808
374,53,033,025101,53033025101,251.01,Census Tract 251.01,G5020,S,2935513,0,+47.5093920,-122.1549957
375,53,033,025200,53033025200,252,Census Tract 252,G5020,S,4544252,0,+47.5106885,-122.1827358
376,53,033,022003,53033022003,220.03,Census Tract 220.03,G5020,S,2318497,0,+47.7257310,-122.1982413
377,53,033,022201,53033022201,222.01,Census Tract 222.01,G5020,S,2290376,0,+47.7263403,-122.2320467
378,53,033,029203,53033029203,292.03,Census Tract 292.03,G5020,S,2010123,0,+47.3862746,-122.2313701
379,53,033,029004,53033029004,290.04,Census Tract 290.04,G5020,S,1825372,0,+47.3799024,-122.2968653
380,53,033,029003,53033029003,290.03,Census Tract 290.03,G5020,S,2574768,0,+47.3824985,-122.3057539
381,53,033,029001,53033029001,290.01,Census Tract 290.01,G5020,S,2635370,952681,+47.3840122,-122.3220799
382,53,033,027500,53033027500,275,Census Tract 275,G5020,S,2229521,0,+47.4816357,-122.3411720
383,53,033,027400,53033027400,274,Census Tract 274,G5020,S,3325461,0,+47.4827326,-122.3236114
384,53,033,001900,53033001900,19,Census Tract 19,G5020,S,1663251,0,+47.6965350,-122.3262160
385,53,033,001800,53033001800,18,Census Tract 18,G5020,S,942974,0,+47.6940450,-122.3419779
386,53,033,001600,53033001600,16,Census Tract 16,G5020,S,2041021,457717,+47.7004763,-122.3799018
387,53,033,001500,53033001500,15,Census Tract 15,G5020,S,1170487,398486,+47.6945678,-122.3949423
388,53,033,001400,53033001400,14,Census Tract 14,G5020,S,2137298,211433,+47.7078795,-122.3674088
389,53,033,001300,53033001300,13,Census Tract 13,G5020,S,1183989,0,+47.7022812,-122.3421790
390,53,033,001200,53033001200,12,Census Tract 12,G5020,S,1834052,0,+47.7071214,-122.3228194
391,53,033,001100,53033001100,11,Census Tract 11,G5020,S,1060418,0,+47.7065470,-122.3068073
392,53,033,001000,53033001000,10,Census Tract 10,G5020,S,954457,0,+47.7064067,-122.2960648
393,53,033,000900,53033000900,9,Census Tract 9,G5020,S,996458,2531309,+47.7063747,-122.2749586
394,53,033,022202,53033022202,222.02,Census Tract 222.02,G5020,S,2613884,0,+47.7206893,-122.2143318
395,53,033,032323,53033032323,323.23,Census Tract 323.23,G5020,S,3291842,0,+47.6986018,-122.1117667
396,53,033,021600,53033021600,216,Census Tract 216,G5020,S,2855710,143532,+47.7670330,-122.2582785
397,53,033,021903,53033021903,219.03,Census Tract 219.03,G5020,S,3133850,10680,+47.7175135,-122.1788294
